ID,Title,Content,Excerpt,Date,"Post Type",Permalink,_ultp_active,_ultp_css,ocean_center_header_left_menu,ocean_custom_footer_template,ocean_custom_header_template,ocean_disable_breadcrumbs,ocean_disable_heading,ocean_disable_margins,ocean_disable_title,ocean_display_footer_bottom,ocean_display_footer_widgets,ocean_display_header,ocean_display_top_bar,ocean_header_custom_menu,ocean_menu_typo_font_family,ocean_post_subheading,ocean_post_title,ocean_post_title_style,ocean_second_sidebar,ocean_sidebar,rank_math_analytic_object_id,rank_math_focus_keyword,rank_math_internal_links_processed,rank_math_seo_score,"Image URL","Images Filename","Images Path","Images ID","Images Title","Images Caption","Images Description","Images Alt Text","Attachment URL","Attachments Filename","Attachments Path","Attachments ID","Attachments Title","Attachments Caption","Attachments Description","Attachments Alt Text",Status,"Author ID","Author Username","Author Email","Author First Name","Author Last Name",Slug,Format,"Post Password",Template,Parent,"Parent Slug",Order,"Comment Status","Ping Status","Post Modified Date"
801,"TablaPe Blog Home","<!-- wp:heading {""textAlign"":""center"",""level"":1,""style"":{""spacing"":{""margin"":{""top"":""30px"",""right"":""30px"",""bottom"":""30px"",""left"":""30px""}},""typography"":{""letterSpacing"":""1px"",""fontStyle"":""normal"",""fontWeight"":""600""}},""textColor"":""pale-cyan-blue"",""fontSize"":""large""} -->
<h1 style=""display:none"">TablePe Blog</h1>
<span style=""display:block;text-align: center""><strong><a href=""/blog""><span style=""color:#8ed1fc; font-size:46px;font-style:normal;font-weight:600;letter-spacing:1px;"">Tabla</span><span style=""color:black ; font-size:46px;font-style:normal;font-weight:600;letter-spacing:1px; "">Pe</span><span style=""color:#8ed1fc;font-size:46px;font-style:normal;font-weight:600;letter-spacing:1px;""> Blog</span> </a></strong></span>
<!-- /wp:heading -->

<!-- wp:ultimate-post/post-grid-1 {""blockId"":""8591bb"",""currentPostId"":""801"",""queryQuick"":""random_post"",""queryNumPosts"":{""lg"":""5"",""sm"":""6"",""xs"":""6""},""queryNumber"":""6"",""queryOrderBy"":""title"",""columns"":{""lg"":""5"",""sm"":""2"",""xs"":""1""},""columnGridGap"":{""lg"":""15"",""unit"":""px"",""ulg"":""px""},""rowSpace"":{""lg"":""0""},""excerptShow"":false,""catShow"":false,""metaShow"":false,""paginationShow"":false,""contentTag"":""section"",""headingText"":""Trending Posts"",""headingStyle"":""style1"",""headingTypo"":{""openTypography"":1,""size"":{""lg"":13,""unit"":""px""},""height"":{""lg"":""1"",""unit"":""px""},""decoration"":""none"",""transform"":""uppercase"",""family"":""Lato"",""weight"":""900"",""type"":""sans-serif"",""spacing"":{""lg"":""1"",""unit"":""px""}},""headingColor"":""#ffffff"",""headingBorderBottomColor"":""rgba(0,0,0,1)"",""headingBorderBottomColor2"":""rgba(229,229,229,1)"",""headingBorder"":""2"",""headingSpacing"":{""lg"":""1"",""sm"":10,""unit"":""px"",""ulg"":""px""},""subHeadingText"":""Lorem ipsum dolor sit amet, consectetur adipiscing elit"",""subHeadingTypo"":{""openTypography"":1,""size"":{""lg"":""16"",""unit"":""px""},""spacing"":{""lg"":""0"",""unit"":""px""},""height"":{""lg"":""20"",""unit"":""px""},""decoration"":""none"",""transform"":""capitalize"",""family"":""Roboto"",""weight"":""400""},""titleTypo"":{""openTypography"":1,""size"":{""lg"":16,""unit"":""px""},""spacing"":{""lg"":"""",""unit"":""px""},""height"":{""lg"":""20"",""unit"":""px""},""transform"":""capitalize"",""decoration"":""none"",""family"":""Lato"",""weight"":""700"",""type"":""sans-serif""},""excerptLimit"":""15"",""catTypo"":{""openTypography"":1,""size"":{""lg"":""12"",""unit"":""px""},""height"":{""lg"":""15"",""unit"":""px""},""spacing"":{""lg"":""1"",""unit"":""px""},""transform"":""uppercase"",""weight"":""500"",""decoration"":""none"",""family"":""Lato"",""type"":""sans-serif""},""catColor"":""rgba(0,0,0,1)"",""catBgColor"":{""openColor"":0,""type"":""color"",""color"":""rgba(253,65,69,1)"",""gradient"":{""color1"":""#16d03e"",""color2"":""#1f91f3"",""type"":""linear"",""direction"":""90"",""start"":5,""stop"":80,""radial"":""center"",""clip"":false},""clip"":false},""catBorder"":{""width"":{""top"":1,""right"":1,""bottom"":1,""left"":1},""type"":""solid"",""color"":""#009fd4"",""openBorder"":0},""catRadius"":{""lg"":{""0"":""0"",""top"":""2"",""right"":""2"",""bottom"":""2"",""left"":""2"",""unit"":""px""},""unit"":""px""},""catHoverColor"":""rgba(38,38,38,1)"",""catBgHoverColor"":{""openColor"":0,""type"":""color"",""color"":""rgba(218,45,48,1)""},""catSacing"":{""lg"":{""top"":""25"",""bottom"":5,""left"":"""",""right"":"""",""unit"":""px""}},""catPadding"":{""lg"":{""top"":"""",""bottom"":"""",""left"":"""",""right"":"""",""unit"":""px""}},""metaPosition"":""bottom"",""metaStyle"":""noIcon"",""metaList"":""[\u0022metaAuthor\u0022,\u0022metaDate\u0022]"",""metaTypo"":{""openTypography"":1,""size"":{""lg"":12,""unit"":""px""},""height"":{""lg"":20,""unit"":""px""},""transform"":""capitalize"",""decoration"":""none"",""family"":""Lato"",""type"":""sans-serif""},""metaBorder"":{""width"":{""top"":1,""right"":""0"",""bottom"":""0"",""left"":""0""},""type"":""solid"",""color"":""#009fd4"",""openBorder"":0},""contentAlign"":""left"",""contentWrapBorder"":{""width"":{""top"":1,""right"":1,""bottom"":1,""left"":1},""type"":""solid"",""color"":""#009fd4"",""openBorder"":0},""contentWrapShadow"":{""inset"":"""",""width"":{""top"":1,""right"":1,""bottom"":1,""left"":1},""color"":""#009fd4"",""openShadow"":0},""imgAnimation"":""zoomIn"",""imgRadius"":{""lg"":{""top"":"""",""right"":"""",""bottom"":"""",""left"":"""",""unit"":""px""},""unit"":""px""},""imgShadow"":{""inset"":"""",""width"":{""top"":1,""right"":1,""bottom"":1,""left"":1},""color"":""#009fd4"",""openShadow"":0},""separatorShow"":false,""fliterTypo"":{""openTypography"":1,""size"":{""lg"":13,""unit"":""px""},""height"":{""lg"":22,""unit"":""px""},""decoration"":""none"",""family"":"""",""weight"":500},""filterMobile"":false,""paginationType"":""loadMore"",""pagiTypo"":{""openTypography"":1,""size"":{""lg"":14,""unit"":""px""},""height"":{""lg"":20,""unit"":""px""},""decoration"":""none"",""family"":""Roboto"",""transform"":""uppercase"",""weight"":""500"",""spacing"":{""lg"":""1""}},""pagiBgColor"":{""openColor"":1,""type"":""color"",""color"":""rgba(255,18,22,1)"",""gradient"":{""color1"":""#16d03e"",""color2"":""#1f91f3"",""type"":""linear"",""direction"":""90"",""start"":5,""stop"":80,""radial"":""center"",""clip"":false},""clip"":false},""pagiBorder"":{""width"":{""top"":1,""right"":1,""bottom"":1,""left"":1},""type"":""solid"",""color"":""#009fd4"",""openBorder"":0},""pagiShadow"":{""inset"":"""",""width"":{""top"":1,""right"":1,""bottom"":1,""left"":1},""color"":""#009fd4"",""openShadow"":0},""pagiHoverbg"":{""openColor"":1,""type"":""color"",""color"":""rgba(224,27,30,1)""},""pagiPadding"":{""lg"":{""top"":""15"",""bottom"":""15"",""left"":""40"",""right"":""40"",""unit"":""px""}},""pagiMargin"":{""lg"":{""top"":""20"",""right"":""0"",""bottom"":""0"",""left"":""0"",""unit"":""px""}},""loadingColor"":"""",""wrapBg"":{""openColor"":0,""type"":""openColor"",""color"":""#f5f5f5"",""gradient"":""linear-gradient(90deg, #16d03e 5%, #1f91f3 80%)"",""clip"":false},""wrapBorder"":{""width"":{""top"":1,""right"":1,""bottom"":1,""left"":1},""type"":""solid"",""color"":""#009fd4"",""openBorder"":0},""wrapShadow"":{""inset"":"""",""width"":{""top"":1,""right"":1,""bottom"":1,""left"":1},""color"":""#009fd4"",""openShadow"":0},""wrapMargin"":{""lg"":{""top"":""0"",""bottom"":""50"",""unit"":""px""}},""wrapOuterPadding"":{""lg"":{""top"":""0"",""bottom"":""0"",""left"":""0"",""right"":""0"",""unit"":""px""}}} /-->

<!-- wp:columns -->
<div class=""wp-block-columns""><!-- wp:column {""width"":""70%""} -->
<div class=""wp-block-column"" style=""flex-basis:70%""><!-- wp:ultimate-post/post-list-3 {""blockId"":""4307c9"",""currentPostId"":""801"",""queryNumPosts"":{""lg"":""10"",""sm"":5,""xs"":5},""metaShow"":false,""readMore"":false,""headingText"":""Latest Articles"",""headingStyle"":""style1"",""headingTypo"":{""openTypography"":1,""size"":{""lg"":""17"",""unit"":""px""},""height"":{""lg"":"""",""unit"":""px""},""decoration"":""none"",""transform"":""uppercase"",""family"":"""",""weight"":""700""},""headingColor"":""rgba(14,21,35,1)"",""titleTypo"":{""openTypography"":1,""size"":{""lg"":""20"",""unit"":""px""},""spacing"":{""lg"":""0"",""unit"":""px""},""height"":{""lg"":""27"",""unit"":""px""},""decoration"":""none"",""transform"":""capitalize"",""family"":"""",""weight"":""500""},""titlePadding"":{""lg"":{""top"":""0"",""bottom"":""0"",""unit"":""px"",""right"":""0"",""left"":""0""}},""titleLength"":""20"",""excerptLimit"":""40"",""imgWidth"":{""lg"":""40"",""ulg"":""%""},""imgHeight"":{""lg"":""147"",""unit"":""px"",""ulg"":""px""},""imgAnimation"":""zoomIn""} /--></div>
<!-- /wp:column -->

<!-- wp:column {""width"":""30%""} -->
<div class=""wp-block-column"" style=""flex-basis:30%""><!-- wp:search {""label"":"""",""width"":100,""widthUnit"":""%"",""buttonText"":""Search""} /-->

<!-- wp:ultimate-post/ultp-taxonomy {""blockId"":""5d7aca"",""layout"":""3"",""queryNumber"":""15"",""taxGridEn"":false,""columnGridGap"":{""lg"":""0"",""unit"":""px"",""ulg"":""px""},""rowGap"":{""lg"":""11"",""unit"":""px"",""ulg"":""px""},""headingText"":""Categories"",""headingTag"":""p""} /-->

<!-- wp:separator {""className"":""is-style-wide""} -->
<hr class=""wp-block-separator has-alpha-channel-opacity is-style-wide""/>
<!-- /wp:separator -->

<!-- wp:ultimate-post/post-list-3 {""blockId"":""ca79d3"",""currentPostId"":""801"",""queryQuick"":""popular_post_all_times_view"",""queryNumPosts"":{""lg"":""5"",""sm"":""7"",""xs"":""7""},""queryNumber"":""7"",""queryOrderBy"":""rand"",""excerptShow"":false,""catShow"":false,""metaShow"":false,""paginationShow"":false,""readMore"":false,""headingText"":""Most Read"",""headingStyle"":""style1"",""headingTypo"":{""openTypography"":1,""size"":{""lg"":""18"",""unit"":""px""},""height"":{""lg"":"""",""unit"":""px""},""decoration"":""none"",""transform"":""uppercase"",""family"":""Lato"",""weight"":""700"",""type"":""sans-serif""},""headingColor"":""rgba(23,195,178,1)"",""headingBorderBottomColor"":""rgba(23,195,178,1)"",""titlePosition"":false,""titleHoverColor"":""rgba(23,195,178,1)"",""titleTypo"":{""openTypography"":1,""size"":{""lg"":""14"",""unit"":""px""},""spacing"":{""lg"":""0"",""unit"":""px""},""height"":{""lg"":""28"",""unit"":""px""},""decoration"":""none"",""transform"":""capitalize"",""family"":""Lato"",""weight"":""700"",""type"":""sans-serif""},""titlePadding"":{""lg"":{""top"":""0"",""bottom"":5,""unit"":""px""}},""excerptLimit"":""35"",""excerptTypo"":{""openTypography"":1,""size"":{""lg"":14,""unit"":""px""},""height"":{""lg"":""24"",""unit"":""px""},""decoration"":""none"",""family"":""Lato"",""type"":""sans-serif"",""weight"":""400""},""excerptPadding"":{""lg"":{""top"":""12"",""bottom"":"""",""unit"":""px""}},""catPosition"":""topLeft"",""customCatColor"":true,""catTypo"":{""openTypography"":1,""size"":{""lg"":""12"",""unit"":""px""},""height"":{""lg"":""15"",""unit"":""px""},""spacing"":{""lg"":0,""unit"":""px""},""transform"":""capitalize"",""weight"":""400"",""decoration"":""none"",""family"":""Lato"",""type"":""sans-serif""},""catBgColor"":{""openColor"":1,""type"":""color"",""color"":"""",""gradient"":{""color1"":""#16d03e"",""color2"":""#1f91f3"",""type"":""linear"",""direction"":""90"",""start"":5,""stop"":80,""radial"":""center"",""clip"":false},""clip"":false},""catBorder"":{""width"":{""top"":1,""right"":1,""bottom"":1,""left"":1},""type"":""solid"",""color"":""#009fd4"",""openBorder"":0},""catSacing"":{""lg"":{""top"":""20"",""bottom"":""0"",""left"":""20"",""right"":0,""unit"":""px""}},""catPadding"":{""lg"":{""top"":""3"",""bottom"":""3"",""left"":""7"",""right"":""7"",""unit"":""px""}},""readMoreBgColor"":{""openColor"":0,""type"":""color"",""color"":""#000"",""gradient"":{""color1"":""#16d03e"",""color2"":""#1f91f3"",""type"":""linear"",""direction"":""90"",""start"":5,""stop"":80,""radial"":""center"",""clip"":false},""clip"":false},""readMoreBorder"":{""width"":{""top"":1,""right"":1,""bottom"":1,""left"":1},""type"":""solid"",""color"":""#009fd4"",""openBorder"":0},""metaSeparator"":""emptyspace"",""metaList"":""[\u0022metaDate\u0022]"",""metaTypo"":{""openTypography"":1,""size"":{""lg"":12,""unit"":""px""},""height"":{""lg"":20,""unit"":""px""},""transform"":""capitalize"",""decoration"":""none"",""family"":""Lato"",""type"":""sans-serif"",""weight"":""400""},""metaMargin"":{""lg"":{""top"":""0"",""bottom"":""8"",""left"":"""",""right"":"""",""unit"":""px""}},""metaPadding"":{""lg"":{""top"":""0"",""bottom"":""0"",""left"":"""",""right"":"""",""unit"":""px""}},""metaBorder"":{""width"":{""top"":1,""right"":""0"",""bottom"":""0"",""left"":""0""},""type"":""solid"",""color"":""#009fd4"",""openBorder"":0},""contentWrapBorder"":{""width"":{""top"":1,""right"":1,""bottom"":1,""left"":1},""type"":""solid"",""color"":""#009fd4"",""openBorder"":0},""contentWrapShadow"":{""inset"":"""",""width"":{""top"":1,""right"":1,""bottom"":1,""left"":1},""color"":""#009fd4"",""openShadow"":0},""imgWidth"":{""lg"":""56"",""sm"":""100"",""xs"":""100"",""unit"":""%"",""ulg"":""%""},""imgHeight"":{""lg"":""75"",""unit"":""px"",""ulg"":""px""},""imgAnimation"":""roateLeft"",""imgShadow"":{""inset"":"""",""width"":{""top"":1,""right"":1,""bottom"":1,""left"":1},""color"":""#009fd4"",""openShadow"":0},""imgSpacing"":{""lg"":""11""},""separatorShow"":false,""paginationType"":""loadMore"",""pagiAlign"":{""lg"":""center""},""pagiColor"":""rgba(72,72,72,1)"",""pagiBgColor"":{""openColor"":0,""type"":""openColor"",""color"":""#0e1523"",""gradient"":{""color1"":""#16d03e"",""color2"":""#1f91f3"",""type"":""linear"",""direction"":""90"",""start"":5,""stop"":80,""radial"":""center"",""clip"":false},""clip"":false},""pagiBorder"":{""width"":{""top"":1,""right"":1,""bottom"":1,""left"":1},""type"":""solid"",""color"":""rgba(229,229,229,1)"",""openBorder"":1},""pagiShadow"":{""inset"":"""",""width"":{""top"":1,""right"":1,""bottom"":1,""left"":1},""color"":""#009fd4"",""openShadow"":0},""pagiHoverbg"":{""openColor"":1,""type"":""color"",""color"":""rgba(0,0,0,1)"",""replace"":1},""pagiHoverBorder"":{""openBorder"":1,""width"":{""top"":1,""right"":1,""bottom"":1,""left"":1},""color"":""rgba(0,0,0,1)"",""type"":""solid""},""pagiPadding"":{""lg"":{""top"":""15"",""bottom"":""15"",""left"":""100"",""right"":""100"",""unit"":""px""},""sm"":{""right"":""20"",""unit"":""px"",""left"":""20"",""bottom"":""7"",""top"":""7""}},""pagiMargin"":{""lg"":{""top"":""60"",""right"":""0"",""bottom"":""0"",""left"":""0"",""unit"":""px""}}} /--></div>
<!-- /wp:column --></div>
<!-- /wp:columns -->",,"2022-09-11 19:20:54",page,https://tablape.com/blog/,yes,"'@import url('https://fonts.googleapis.com/css?family=Lato:700:900,700,700,500,400,700,400,700,700');@import url('https://fonts.googleapis.com/css?family=Lato:900:900,700,700,500,400,700,400,700,700');.ultp-block-8591bb.wp-block-ultimate-post-post-grid-1 .ultp-block-row.ultp-block-items-wrap { grid-template-columns: repeat(5, 1fr); }.ultp-block-8591bb .ultp-block-row { grid-column-gap: 15px; }.ultp-block-8591bb .ultp-block-row {row-gap: 0px; }.ultp-block-8591bb .ultp-heading-wrap .ultp-heading-inner{font-size:13px;line-height:1px !important;letter-spacing:1px;}.ultp-block-8591bb .ultp-heading-wrap {margin-top:0; margin-bottom:1px; }.ultp-block-8591bb .ultp-block-items-wrap .ultp-block-item .ultp-block-title, .ultp-block-8591bb .ultp-block-items-wrap .ultp-block-item .ultp-block-title a{font-size:16px;line-height:20px !important;}.ultp-block-8591bb .ultp-block-content .ultp-block-title { padding:10px 0px 5px 0px; }.ultp-block-8591bb .ultp-block-content-wrap { border-radius: 0px 0px 0px 0px; }.ultp-block-8591bb .ultp-block-content-wrap:hover { border-radius: 0px 0px 0px 0px; }.ultp-block-8591bb .ultp-block-image { filter: grayscale(0%); }.ultp-block-8591bb .ultp-block-item:hover .ultp-block-image { filter: grayscale(0%); }.ultp-block-8591bb .ultp-block-image { border-radius:0px 0px 0px 0px; }.ultp-block-8591bb .ultp-block-item .ultp-block-image { margin-bottom: 10px; }.ultp-block-8591bb .ultp-video-icon svg { height:80px; width: 80px;}.ultp-block-8591bb .ultp-pagination-wrap .ultp-pagination, .ultp-block-8591bb .ultp-loadmore { margin:20px 0px 0px 0px; }.ultp-block-8591bb .ultp-block-wrapper { margin:0px 0px 50px 0px; }.ultp-block-8591bb .ultp-block-wrapper { padding:0px 0px 0px 0px; }@media (max-width: 991px) {.ultp-block-8591bb.wp-block-ultimate-post-post-grid-1 .ultp-block-row.ultp-block-items-wrap { grid-template-columns: repeat(2, 1fr); }.ultp-block-8591bb .ultp-heading-wrap {margin-top:0; margin-bottom:10px; }.ultp-block-8591bb .ultp-video-icon svg { height:50px; width: 50px;}}@media (max-width: 767px) {.ultp-block-8591bb.wp-block-ultimate-post-post-grid-1 .ultp-block-row.ultp-block-items-wrap { grid-template-columns: repeat(1, 1fr); }.ultp-block-8591bb .ultp-video-icon svg { height:50px; width: 50px;}}.ultp-block-8591bb .ultp-block-content-wrap { height: 100%; }.ultp-block-8591bb .ultp-heading-inner, .ultp-block-8591bb .ultp-sub-heading-inner{ text-align:left; }.ultp-block-8591bb .ultp-heading-wrap .ultp-heading-inner{font-family:'Lato',sans-serif;font-weight:900;text-transform:uppercase;text-decoration:none;}.ultp-block-8591bb .ultp-heading-wrap .ultp-heading-inner span { color:#ffffff; }.ultp-block-8591bb .ultp-block-content .ultp-block-title a { color:#0e1523 !important; }.ultp-block-8591bb .ultp-block-content .ultp-block-title a:hover { color:#828282 !important; }.ultp-block-8591bb .ultp-block-items-wrap .ultp-block-item .ultp-block-title, .ultp-block-8591bb .ultp-block-items-wrap .ultp-block-item .ultp-block-title a{font-family:'Lato',sans-serif;font-weight:700;text-transform:capitalize;text-decoration:none;}.ultp-block-8591bb .ultp-block-content { text-align:left; } .ultp-block-8591bb .ultp-block-meta {justify-content: flex-start;} .ultp-block-8591bb .ultp-block-image img, .ultp-block-8591bb .ultp-block-image { margin-right: auto; }.ultp-block-8591bb .ultp-block-item .ultp-block-image img {object-fit: cover;}.ultp-block-8591bb .ultp-video-icon {  margin: 0 auto; position: absolute; top: 50%; left: 50%; transform: translate(-50%,-60%); -o-transform: translate(-50%,-60%); -ms-transform: translate(-50%,-60%); -moz-transform: translate(-50%,-60%); -webkit-transform: translate(-50%,-50%); z-index: 998;}.ultp-block-8591bb .ultp-video-icon svg { fill: #fff; } .ultp-block-8591bb .ultp-video-icon svg circle { stroke: #fff; }.ultp-block-8591bb .ultp-video-icon svg:hover { fill: #d2d2d2; } .ultp-block-8591bb .ultp-video-icon svg:hover circle { stroke: #d2d2d2;}@media (min-width: 992px) {}@media only screen and (max-width: 991px) and (min-width: 768px) {}@media (max-width: 767px) {}.ultp-block-4307c9.wp-block-ultimate-post-post-list-3 .ultp-block-row.ultp-block-items-wrap { grid-template-columns: repeat(1, 1fr); }.ultp-block-4307c9 .ultp-block-row { grid-column-gap: 30px; }.ultp-block-4307c9 .ultp-block-item { padding-bottom: 30px; margin-bottom:30px; }.ultp-block-4307c9 .ultp-heading-wrap .ultp-heading-inner{font-size:17px;}.ultp-block-4307c9 .ultp-heading-wrap {margin-top:0; margin-bottom:20px; }.ultp-block-4307c9 .ultp-block-items-wrap .ultp-block-item .ultp-block-title, .ultp-block-4307c9 .ultp-block-items-wrap .ultp-block-item .ultp-block-title a{font-size:20px;line-height:27px !important;letter-spacing:0px;}.ultp-block-4307c9 .ultp-block-content .ultp-block-title { padding:0px 0px 0px 0px; }.ultp-block-4307c9 .ultp-block-excerpt, .ultp-block-4307c9 .ultp-block-excerpt p{font-size:14px;line-height:21px !important;}.ultp-block-4307c9 .ultp-block-excerpt{ padding: 0px 0px 0px 0px; }.ultp-block-4307c9 .ultp-block-items-wrap .ultp-block-item .ultp-category-grid a{font-size:14px;line-height:25px !important;}.ultp-block-4307c9 .ultp-category-grid a { border-radius:0px; }.ultp-block-4307c9 .ultp-category-grid a { border-radius:0px; }.ultp-block-4307c9 .ultp-category-grid { margin:0px 0px 10px 0px; }.ultp-block-4307c9 .ultp-category-grid a { padding:0px 0px 0px 0px; }.ultp-block-4307c9 .ultp-category-grid a { padding:0px 0px 0px 0px; }.ultp-block-4307c9 .ultp-block-content-wrap { border-radius: 0px 0px 0px 0px; }.ultp-block-4307c9 .ultp-block-content-wrap:hover { border-radius: 0px 0px 0px 0px; }.ultp-block-4307c9 .ultp-block-content { padding: 0px 0px 0px 0px; }.ultp-block-4307c9 .ultp-block-content-wrap { padding: 0px; }.ultp-block-4307c9 .ultp-block-item .ultp-block-image{height:fit-content;} .ultp-block-4307c9 .ultp-block-item .ultp-block-image { max-width: 40%; }.ultp-block-4307c9 .ultp-block-item .ultp-block-image{height:fit-content;} .ultp-block-4307c9 .ultp-block-item .ultp-block-image img {height: 147px; }.ultp-block-4307c9 .ultp-block-image { filter: grayscale(0%); }.ultp-block-4307c9 .ultp-block-item:hover .ultp-block-image { filter: grayscale(0%); }.ultp-block-4307c9 .ultp-block-item .ultp-block-image { margin-right: 40px; } .rtl .ultp-block-4307c9 .ultp-block-item .ultp-block-image { margin-right: 0; margin-left: 40px; }.ultp-block-4307c9 .ultp-video-icon svg { height:80px; width: 80px;}.ultp-block-4307c9 .ultp-block-item:not(:last-of-type) { border-bottom-width: 1px; }.ultp-block-4307c9 .ultp-loadmore, .ultp-block-4307c9 .ultp-next-prev-wrap ul, .ultp-block-4307c9 .ultp-pagination { text-align:left; }.ultp-block-4307c9 .ultp-pagination-wrap .ultp-pagination li a, .ultp-block-4307c9 .ultp-loadmore .ultp-loadmore-action{font-size:14px;line-height:20px !important;}.ultp-block-4307c9 .ultp-pagination li a, .ultp-block-4307c9 .ultp-next-prev-wrap ul li a, .ultp-block-4307c9 .ultp-loadmore-action { border-radius:2px 2px 2px 2px; }.ultp-block-4307c9 .ultp-pagination li.pagination-active a, .ultp-block-4307c9 .ultp-pagination li a:hover, .ultp-block-4307c9 .ultp-next-prev-wrap ul li a:hover, .ultp-block-4307c9 .ultp-loadmore-action:hover { border-radius:2px 2px 2px 2px; }.ultp-block-4307c9 .ultp-pagination li a, .ultp-block-4307c9 .ultp-next-prev-wrap ul li a, .ultp-block-4307c9 .ultp-loadmore-action { padding:8px 14px 8px 14px; }.ultp-block-4307c9 .ultp-pagination-wrap .ultp-pagination, .ultp-block-4307c9 .ultp-loadmore { margin:40px 0px 0px 0px; }.ultp-block-4307c9 .ultp-block-wrapper .ultp-block-item { text-align:left; }.ultp-block-4307c9 .ultp-block-wrapper { margin:0px 0px 0px 0px; }.ultp-block-4307c9 .ultp-block-wrapper { padding:0px 0px 0px 0px; }@media (max-width: 991px) {.ultp-block-4307c9 .ultp-video-icon svg { height:50px; width: 50px;}}@media (max-width: 767px) {.ultp-block-4307c9 .ultp-category-grid { margin:15px 0px 0px 0px; }.ultp-block-4307c9 .ultp-video-icon svg { height:50px; width: 50px;}}.ultp-block-4307c9 .ultp-heading-inner, .ultp-block-4307c9 .ultp-sub-heading-inner { text-align:left; }.ultp-block-4307c9 .ultp-heading-wrap .ultp-heading-inner{font-weight:700;text-transform:uppercase;text-decoration:none;}.ultp-block-4307c9 .ultp-heading-wrap .ultp-heading-inner span { color:rgba(14,21,35,1); }.ultp-block-4307c9 .ultp-block-content .ultp-block-title a { color:#141414 !important; }.ultp-block-4307c9 .ultp-block-content .ultp-block-title a:hover { color:#828282 !important; }.ultp-block-4307c9 .ultp-block-items-wrap .ultp-block-item .ultp-block-title, .ultp-block-4307c9 .ultp-block-items-wrap .ultp-block-item .ultp-block-title a{font-weight:500;text-transform:capitalize;text-decoration:none;}.ultp-block-4307c9 .ultp-block-content-middle .ultp-block-content { -ms-flex-item-align: center;-ms-grid-row-align: center;align-self: center; }.ultp-block-4307c9 .ultp-block-excerpt { color:#4a4a4a; }.ultp-block-4307c9 .ultp-block-excerpt, .ultp-block-4307c9 .ultp-block-excerpt p{text-decoration:none;}.ultp-block-4307c9 .ultp-block-items-wrap .ultp-block-item .ultp-category-grid a{font-weight:400;text-decoration:none;}.ultp-block-4307c9 .ultp-block-items-wrap .ultp-block-item .ultp-category-grid a { color:#037fff; }.ultp-block-4307c9 .ultp-block-items-wrap .ultp-block-item .ultp-category-grid a { color:#037fff; }.ultp-block-4307c9 .ultp-category-grid a{background-color: #fff;}.ultp-block-4307c9 .ultp-block-items-wrap .ultp-category-grid a:hover { color:#828282; }.ultp-block-4307c9 .ultp-block-items-wrap .ultp-category-grid a:hover { color:#828282; }.ultp-block-4307c9.wp-block-ultimate-post-post-list-3 .ultp-layout2 .ultp-block-item::before { color:#fff; }.ultp-block-4307c9.wp-block-ultimate-post-post-list-3 .ultp-layout2 .ultp-block-item::before{}.ultp-block-4307c9 .ultp-block-content { text-align:left; } .ultp-block-4307c9 .ultp-block-meta {justify-content: flex-start;}.ultp-block-4307c9 .ultp-block-item .ultp-block-image img {object-fit: cover;}@media (max-width: 768px) {.ultp-block-4307c9 .ultp-block-item .ultp-block-image {margin-right:0; margin-left:0; max-width: 100%; } .ultp-block-4307c9 .ultp-block-media .ultp-block-content-wrap { display: block;} .ultp-block-4307c9 .ultp-block-media .ultp-block-content-wrap .ultp-block-content {margin: auto 0px !important; padding: 0px }}.ultp-block-4307c9 .ultp-video-icon {  margin: 0 auto; position: absolute; top: 50%; left: 50%; transform: translate(-50%,-60%); -o-transform: translate(-50%,-60%); -ms-transform: translate(-50%,-60%); -moz-transform: translate(-50%,-60%); -webkit-transform: translate(-50%,-50%); z-index: 998;}.ultp-block-4307c9 .ultp-video-icon svg { fill: #fff; } .ultp-block-4307c9 .ultp-video-icon svg circle { stroke: #fff; }.ultp-block-4307c9 .ultp-video-icon svg:hover { fill: #d2d2d2; } .ultp-block-4307c9 .ultp-video-icon svg:hover circle { stroke: #d2d2d2;}.ultp-block-4307c9 .ultp-block-item:not(:last-of-type) { border-bottom-color:#c7c7c7; }.ultp-block-4307c9 .ultp-block-item:not(:last-of-type) { border-bottom-style:dashed; }.ultp-block-4307c9 .ultp-pagination-wrap .ultp-pagination li a, .ultp-block-4307c9 .ultp-loadmore .ultp-loadmore-action{text-decoration:none;}.ultp-block-4307c9 .ultp-pagination-wrap .ultp-pagination li a, .ultp-block-4307c9 .ultp-next-prev-wrap ul li a, .ultp-block-4307c9 .ultp-block-wrapper .ultp-loadmore .ultp-loadmore-action { color:#fff; } .ultp-block-4307c9 .ultp-next-prev-wrap ul li a svg, .ultp-block-4307c9 .ultp-block-wrapper .ultp-loadmore .ultp-loadmore-action svg { fill:#fff; } .ultp-block-4307c9 .ultp-pagination li a svg { fill:#fff; }.ultp-block-4307c9 .ultp-pagination-wrap .ultp-pagination li a, .ultp-block-4307c9 .ultp-next-prev-wrap ul li a, .ultp-block-4307c9 .ultp-loadmore .ultp-loadmore-action{background-color: #0e1523;}.ultp-block-4307c9 .ultp-pagination-wrap .ultp-pagination li.pagination-active a, .ultp-block-4307c9 .ultp-next-prev-wrap ul li a:hover, .ultp-block-4307c9 .ultp-block-wrapper .ultp-loadmore .ultp-loadmore-action:hover { color:#fff; } .ultp-block-4307c9 .ultp-pagination li a:hover svg, .ultp-block-4307c9 .ultp-block-wrapper .ultp-loadmore .ultp-loadmore-action:hover svg { fill:#fff; } .ultp-block-4307c9 .ultp-next-prev-wrap ul li a:hover svg { fill:#fff; } @media (min-width: 768px) { .ultp-block-4307c9 .ultp-pagination-wrap .ultp-pagination li a:hover { color:#fff;}}.ultp-block-4307c9 .ultp-pagination-wrap .ultp-pagination li a:hover, .ultp-block-4307c9 .ultp-pagination li.pagination-active a, .ultp-block-4307c9 .ultp-pagination-wrap .ultp-pagination li a:focus, .ultp-block-4307c9 .ultp-next-prev-wrap ul li a:hover, .ultp-block-4307c9 .ultp-loadmore-action:hover{ background-color: #037fff; }.ultp-block-4307c9 .ultp-loading .ultp-loading-blocks div { --loading-block-color: #000; }@media (min-width: 992px) {}@media only screen and (max-width: 991px) and (min-width: 768px) {}@media (max-width: 767px) {}.ultp-block-5d7aca .ultp-heading-wrap .ultp-heading-inner{font-size:20px;}.ultp-block-5d7aca .ultp-heading-wrap {margin-top:0; margin-bottom:20px; }.ultp-block-5d7aca .ultp-block-item .ultp-taxonomy-name{font-size:14px;line-height:22px !important;letter-spacing:0px;}.ultp-block-5d7aca .ultp-taxonomy-layout-2 li a .ultp-taxonomy-bar, .ultp-block-5d7aca .ultp-taxonomy-layout-3 li a .ultp-taxonomy-bar { border-bottom-style: 1; }.ultp-block-5d7aca .ultp-block-item .ultp-taxonomy-count{font-size:14px;line-height:22px !important;}.ultp-block-5d7aca .ultp-block-item:not(:last-of-type) { padding-bottom: 5px; } .ultp-block-5d7aca .ultp-block-item:not(:last-of-type) { margin-bottom: 5px; }.ultp-block-5d7aca .ultp-taxonomy-item a { border-radius: 0px 0px 0px 0px; }.ultp-block-5d7aca .ultp-taxonomy-item a:hover { border-radius: 0px 0px 0px 0px; }.ultp-block-5d7aca .ultp-block-wrapper { margin:0px 0px 0px 0px; }.ultp-block-5d7aca .ultp-block-wrapper { padding:0px 0px 0px 0px; }@media (max-width: 991px) {.ultp-block-5d7aca .ultp-heading-wrap {margin-top:0; margin-bottom:10px; }}.ultp-block-5d7aca .ultp-heading-inner, .ultp-block-5d7aca .ultp-sub-heading-inner{ text-align:left; }.ultp-block-5d7aca .ultp-heading-wrap .ultp-heading-inner{font-weight:700;text-decoration:none;}.ultp-block-5d7aca .ultp-heading-wrap .ultp-heading-inner span { color:#0e1523; }.ultp-block-5d7aca .ultp-heading-inner:before { background-color:#0e1523; }.ultp-block-5d7aca .ultp-heading-inner:before { height:3px; }.ultp-block-5d7aca .ultp-block-item .ultp-taxonomy-name{text-decoration:none;}.ultp-block-5d7aca .ultp-taxonomy-layout-2 li a .ultp-taxonomy-bar, .ultp-block-5d7aca .ultp-taxonomy-layout-3 li a .ultp-taxonomy-bar { border-bottom-color:#cacaca; }.ultp-block-5d7aca .ultp-taxonomy-layout-2 li a .ultp-taxonomy-bar, .ultp-block-5d7aca .ultp-taxonomy-layout-3 li a .ultp-taxonomy-bar { border-bottom-width:solidpx; }.ultp-block-5d7aca .ultp-block-item .ultp-taxonomy-count{font-weight:400;text-decoration:none;}.ultp-block-5d7aca .ultp-block-item .ultp-taxonomy-count{}.ultp-block-5d7aca .ultp-taxonomy-layout-5 li a, .ultp-block-5d7aca .ultp-taxonomy-layout-4 li a { text-align:center; } .ultp-block-5d7aca .ultp-taxonomy-layout-5 li a .ultp-taxonomy-lt5-content { justify-content: center; }.ultp-block-5d7aca .ultp-taxonomy-items li a .ultp-taxonomy-lt2-overlay, .ultp-block-5d7aca .ultp-taxonomy-items li a .ultp-taxonomy-lt3-overlay, .ultp-block-5d7aca .ultp-taxonomy-items li a .ultp-taxonomy-lt6-overlay, .ultp-block-5d7aca .ultp-taxonomy-items li a .ultp-taxonomy-lt7-overlay, .ultp-block-5d7aca .ultp-taxonomy-items li a .ultp-taxonomy-lt8-overlay { opacity: 0.6; }.ultp-block-5d7aca .ultp-taxonomy-items li a:hover .ultp-taxonomy-lt2-overlay, .ultp-block-5d7aca .ultp-taxonomy-items li a:hover .ultp-taxonomy-lt3-overlay, .ultp-block-5d7aca .ultp-taxonomy-items li a:hover .ultp-taxonomy-lt6-overlay, .ultp-block-5d7aca .ultp-taxonomy-items li a:hover .ultp-taxonomy-lt7-overlay, .ultp-block-5d7aca .ultp-taxonomy-items li a:hover .ultp-taxonomy-lt8-overlay { opacity: 0.9; }@media (min-width: 992px) {}@media only screen and (max-width: 991px) and (min-width: 768px) {}@media (max-width: 767px) {}.ultp-block-ca79d3.wp-block-ultimate-post-post-list-3 .ultp-block-row.ultp-block-items-wrap { grid-template-columns: repeat(1, 1fr); }.ultp-block-ca79d3 .ultp-block-row { grid-column-gap: 30px; }.ultp-block-ca79d3 .ultp-block-row {row-gap: 30px; }.ultp-block-ca79d3 .ultp-heading-wrap .ultp-heading-inner{font-size:18px;}.ultp-block-ca79d3 .ultp-heading-wrap {margin-top:0; margin-bottom:20px; }.ultp-block-ca79d3 .ultp-block-items-wrap .ultp-block-item .ultp-block-title, .ultp-block-ca79d3 .ultp-block-items-wrap .ultp-block-item .ultp-block-title a{font-size:14px;line-height:28px !important;letter-spacing:0px;}.ultp-block-ca79d3 .ultp-block-content .ultp-block-title { padding:0px 0px 5px 0px; }.ultp-block-ca79d3 .ultp-block-content-wrap { border-radius: 0px 0px 0px 0px; }.ultp-block-ca79d3 .ultp-block-content-wrap:hover { border-radius: 0px 0px 0px 0px; }.ultp-block-ca79d3 .ultp-block-content { padding: 0px 0px 0px 0px; }.ultp-block-ca79d3 .ultp-block-content-wrap { padding: 0px; }.ultp-block-ca79d3 .ultp-block-item .ultp-block-image{height:fit-content;} .ultp-block-ca79d3 .ultp-block-item .ultp-block-image { max-width: 56%; }.ultp-block-ca79d3 .ultp-block-item .ultp-block-image{height:fit-content;} .ultp-block-ca79d3 .ultp-block-item .ultp-block-image img {height: 75px; }.ultp-block-ca79d3 .ultp-block-image { filter: grayscale(0%); }.ultp-block-ca79d3 .ultp-block-item:hover .ultp-block-image { filter: grayscale(0%); }.ultp-block-ca79d3 .ultp-block-item .ultp-block-image { margin-right: 11px; } .rtl .ultp-block-ca79d3 .ultp-block-item .ultp-block-image { margin-right: 0; margin-left: 11px; }.ultp-block-ca79d3 .ultp-video-icon svg { height:80px; width: 80px;}.ultp-block-ca79d3 .ultp-pagination-wrap .ultp-pagination, .ultp-block-ca79d3 .ultp-loadmore { margin:60px 0px 0px 0px; }.ultp-block-ca79d3 .ultp-block-wrapper .ultp-block-item { text-align:left; }.ultp-block-ca79d3 .ultp-block-wrapper { margin:0px 0px 0px 0px; }.ultp-block-ca79d3 .ultp-block-wrapper { padding:0px 0px 0px 0px; }@media (max-width: 991px) {.ultp-block-ca79d3 .ultp-block-item .ultp-block-image{height:fit-content;} .ultp-block-ca79d3 .ultp-block-item .ultp-block-image { max-width: 100%; }.ultp-block-ca79d3 .ultp-video-icon svg { height:50px; width: 50px;}}@media (max-width: 767px) {.ultp-block-ca79d3 .ultp-block-item .ultp-block-image{height:fit-content;} .ultp-block-ca79d3 .ultp-block-item .ultp-block-image { max-width: 100%; }.ultp-block-ca79d3 .ultp-video-icon svg { height:50px; width: 50px;}}.ultp-block-ca79d3 .ultp-heading-inner, .ultp-block-ca79d3 .ultp-sub-heading-inner { text-align:left; }.ultp-block-ca79d3 .ultp-heading-wrap .ultp-heading-inner{font-family:'Lato',sans-serif;font-weight:700;text-transform:uppercase;text-decoration:none;}.ultp-block-ca79d3 .ultp-heading-wrap .ultp-heading-inner span { color:rgba(23,195,178,1); }.ultp-block-ca79d3 .ultp-block-content .ultp-block-title a { color:#141414 !important; }.ultp-block-ca79d3 .ultp-block-content .ultp-block-title a:hover { color:rgba(23,195,178,1) !important; }.ultp-block-ca79d3 .ultp-block-items-wrap .ultp-block-item .ultp-block-title, .ultp-block-ca79d3 .ultp-block-items-wrap .ultp-block-item .ultp-block-title a{font-family:'Lato',sans-serif;font-weight:700;text-transform:capitalize;text-decoration:none;}.ultp-block-ca79d3 .ultp-block-content-middle .ultp-block-content { -ms-flex-item-align: center;-ms-grid-row-align: center;align-self: center; }.ultp-block-ca79d3.wp-block-ultimate-post-post-list-3 .ultp-layout2 .ultp-block-item::before { color:#fff; }.ultp-block-ca79d3.wp-block-ultimate-post-post-list-3 .ultp-layout2 .ultp-block-item::before{}.ultp-block-ca79d3 .ultp-block-content { text-align:left; } .ultp-block-ca79d3 .ultp-block-meta {justify-content: flex-start;}.ultp-block-ca79d3 .ultp-block-item .ultp-block-image img {object-fit: cover;}@media (max-width: 768px) {.ultp-block-ca79d3 .ultp-block-item .ultp-block-image {margin-right:0; margin-left:0; max-width: 100%; } .ultp-block-ca79d3 .ultp-block-media .ultp-block-content-wrap { display: block;} .ultp-block-ca79d3 .ultp-block-media .ultp-block-content-wrap .ultp-block-content {margin: auto 0px !important; padding: 0px }}.ultp-block-ca79d3 .ultp-video-icon {  margin: 0 auto; position: absolute; top: 50%; left: 50%; transform: translate(-50%,-60%); -o-transform: translate(-50%,-60%); -ms-transform: translate(-50%,-60%); -moz-transform: translate(-50%,-60%); -webkit-transform: translate(-50%,-50%); z-index: 998;}.ultp-block-ca79d3 .ultp-video-icon svg { fill: #fff; } .ultp-block-ca79d3 .ultp-video-icon svg circle { stroke: #fff; }.ultp-block-ca79d3 .ultp-video-icon svg:hover { fill: #d2d2d2; } .ultp-block-ca79d3 .ultp-video-icon svg:hover circle { stroke: #d2d2d2;}.ultp-block-ca79d3 .ultp-loading .ultp-loading-blocks div { --loading-block-color: #000; }@media (min-width: 992px) {}@media only screen and (max-width: 991px) and (min-width: 768px) {}@media (max-width: 767px) {}",,1009,,default,default,enable,on,default,default,off,off,,,,,,,,4,TablaPe,1,55,,,,,,,,,,,,,,,,,publish,2,Mou,kimikaorganica@gmail.com,Mourad,"D. Khamlichi",blog,,,,,,,closed,closed,"2024-01-06 19:52:52"
1107,,"<!-- wp:ultimate-post/post-list-1 {""blockId"":""036b16"",""queryNumPosts"":{""lg"":""1"",""sm"":6,""xs"":6}} /-->",,"2022-09-12 02:59:13",page,https://tablape.com/blog/tablape-blog/,yes,".ultp-block-036b16 .ultp-block-row { grid-template-columns: repeat(2, 1fr); }.ultp-block-036b16 .ultp-block-row { grid-column-gap: 30px; }.ultp-block-036b16 .ultp-block-item { padding-bottom: 30px; margin-bottom:30px; }.ultp-block-036b16 .ultp-heading-wrap .ultp-heading-inner{font-size:20px;}.ultp-block-036b16 .ultp-heading-wrap {margin-top:0; margin-bottom:20px; }.ultp-block-036b16 .ultp-block-items-wrap .ultp-block-item .ultp-block-title, .ultp-block-036b16 .ultp-block-items-wrap .ultp-block-item .ultp-block-title a{font-size:24px;line-height:30px !important;letter-spacing:0px;}.ultp-block-036b16 .ultp-block-entry-heading .ultp-block-title { padding:10px 0px 5px 0px; }.ultp-block-036b16 .ultp-block-excerpt, .ultp-block-036b16 .ultp-block-excerpt p{font-size:14px;line-height:20px !important;}.ultp-block-036b16 .ultp-block-excerpt{ padding: 5px 0px 0px 0px; }.ultp-block-036b16 .ultp-block-items-wrap .ultp-block-item .ultp-category-grid a{font-size:14px;line-height:20px !important;}.ultp-block-036b16 .ultp-category-grid { margin:0px 0px 5px 0px; }.ultp-block-036b16 .ultp-category-grid a { padding:0px 0px 0px 0px; }.ultp-block-036b16 .ultp-block-meta span, .ultp-block-036b16 .ultp-block-item .ultp-block-meta span a{font-size:12px;line-height:20px !important;}.ultp-block-036b16 .ultp-block-meta span { margin-right:15px; } .ultp-block-036b16 .ultp-block-meta span { padding-left: 15px; } .rtl .ultp-block-036b16 .ultp-block-meta span {margin-right:0; margin-left:15px; } .rtl .ultp-block-036b16 .ultp-block-meta span { padding-left:0; padding-right: 15px; }.ultp-block-036b16 .ultp-block-meta { margin:0px 0px 20px 0px; }.ultp-block-036b16 .ultp-block-meta { padding:5px 0px 5px 0px; }.ultp-block-036b16 .ultp-block-content-wrap { border-radius: 0px 0px 0px 0px; }.ultp-block-036b16 .ultp-block-content-wrap:hover { border-radius: 0px 0px 0px 0px; }.ultp-block-036b16 .ultp-block-content, .ultp-block-036b16 .ultp-block-entry-heading { padding: 0px 0px 0px 0px; }.ultp-block-036b16 .ultp-block-content-wrap { padding: 0px 0px 0px 0px; }.ultp-block-036b16 .ultp-block-image { filter: grayscale(0%); }.ultp-block-036b16 .ultp-block-item:hover .ultp-block-image { filter: grayscale(0%); }.ultp-block-036b16 .ultp-block-item .ultp-block-image { margin-bottom: 20px; }.ultp-block-036b16 .ultp-block-item { border-bottom-width: 1px; }.ultp-block-036b16 .ultp-block-items-wrap .ultp-block-item .ultp-block-readmore a{font-size:12px;letter-spacing:1px;}.ultp-block-036b16 .ultp-block-readmore { margin:25px 0px 0px 0px; }.ultp-block-036b16 .ultp-block-readmore a { padding:0px 0px 0px 0px; }.ultp-block-036b16 .ultp-loadmore, .ultp-block-036b16 .ultp-next-prev-wrap ul, .ultp-block-036b16 .ultp-pagination { text-align:left; }.ultp-block-036b16 .ultp-pagination-wrap .ultp-pagination li a, .ultp-block-036b16 .ultp-loadmore .ultp-loadmore-action{font-size:14px;line-height:20px !important;}.ultp-block-036b16 .ultp-pagination li a, .ultp-block-036b16 .ultp-next-prev-wrap ul li a, .ultp-block-036b16 .ultp-loadmore-action { border-radius:2px 2px 2px 2px; }.ultp-block-036b16 .ultp-pagination li.pagination-active a, .ultp-block-036b16 .ultp-pagination li a:hover, .ultp-block-036b16 .ultp-next-prev-wrap ul li a:hover, .ultp-block-036b16 .ultp-loadmore-action:hover { border-radius:2px 2px 2px 2px; }.ultp-block-036b16 .ultp-pagination li a, .ultp-block-036b16 .ultp-next-prev-wrap ul li a, .ultp-block-036b16 .ultp-loadmore-action { padding:8px 14px 8px 14px; }.ultp-block-036b16 .ultp-pagination-wrap .ultp-pagination, .ultp-block-036b16 .ultp-loadmore { margin:30px 0px 0px 0px; }.ultp-block-036b16 .ultp-block-wrapper { margin:0px 0px 0px 0px; }.ultp-block-036b16 .ultp-block-wrapper { padding:0px 0px 0px 0px; }.ultp-block-036b16 .ultp-heading-inner, .ultp-block-036b16 .ultp-sub-heading-inner{ text-align:left; }.ultp-block-036b16 .ultp-heading-wrap .ultp-heading-inner{font-weight:700;text-decoration:none;}.ultp-block-036b16 .ultp-heading-wrap .ultp-heading-inner span { color:#0e1523; }.ultp-block-036b16 .ultp-heading-inner:before { background-color:#0e1523; }.ultp-block-036b16 .ultp-heading-inner:before { height:3px; }.ultp-block-036b16 .ultp-block-entry-heading .ultp-block-title a { color:#0e1523 !important; }.ultp-block-036b16 .ultp-block-entry-heading .ultp-block-title a:hover { color:#828282 
                         !important; }.ultp-block-036b16 .ultp-block-items-wrap .ultp-block-item .ultp-block-title, .ultp-block-036b16 .ultp-block-items-wrap .ultp-block-item .ultp-block-title a{font-weight:500;text-decoration:none;}.ultp-block-036b16 .ultp-block-excerpt { color:#777; }.ultp-block-036b16 .ultp-block-excerpt, .ultp-block-036b16 .ultp-block-excerpt p{text-decoration:none;}.ultp-block-036b16 .ultp-block-items-wrap .ultp-block-item .ultp-category-grid a{font-weight:400;text-decoration:none;}.ultp-block-036b16 .ultp-block-items-wrap .ultp-block-item .ultp-category-grid a { color:#037fff; }.ultp-block-036b16 .ultp-category-grid a{}.ultp-block-036b16 .ultp-block-items-wrap .ultp-category-grid a:hover { color:#828282; }.ultp-block-036b16 .ultp-category-grid a:hover{}.ultp-block-036b16 .ultp-block-meta span, .ultp-block-036b16 .ultp-block-item .ultp-block-meta span a{text-decoration:none;}.ultp-block-036b16 .ultp-block-items-wrap .ultp-block-meta span { color: #989898; } .ultp-block-036b16 .ultp-block-items-wrap .ultp-block-meta span svg { fill: #989898; } .ultp-block-036b16 .ultp-block-items-wrap .ultp-block-meta span a { color: #989898; }.ultp-block-036b16 .ultp-block-meta-dot span:after { background:#989898; }  .ultp-block-036b16 .ultp-block-meta span:after { color:#989898; }.ultp-block-036b16 .ultp-block-items-wrap .ultp-block-meta span a:hover { color: #000; }.ultp-block-036b16 .ultp-block-content-wrap .ultp-block-entry-content { text-align:left; } .ultp-block-036b16 .ultp-block-meta {justify-content: flex-start;}.ultp-block-036b16 .ultp-block-item .ultp-block-image img {object-fit: cover;}.ultp-block-036b16 .ultp-block-item { border-bottom-color:#e5e5e5; }.ultp-block-036b16 .ultp-block-item { border-bottom-style:dashed; }.ultp-block-036b16 .ultp-block-items-wrap .ultp-block-item .ultp-block-readmore a{font-weight:400;text-decoration:none;}.ultp-block-036b16 .ultp-block-items-wrap .ultp-block-readmore a { color:#0d1523; } .ultp-block-036b16 .ultp-block-readmore a svg { fill:#0d1523; }.ultp-block-036b16 .ultp-block-items-wrap .ultp-block-readmore a:hover { color:#0c32d8; } .ultp-block-036b16 .ultp-block-readmore a:hover svg { fill:#0c32d8; }.ultp-block-036b16 .ultp-pagination-wrap .ultp-pagination li a, .ultp-block-036b16 .ultp-loadmore .ultp-loadmore-action{text-decoration:none;}.ultp-block-036b16 .ultp-pagination-wrap .ultp-pagination li a, .ultp-block-036b16 .ultp-next-prev-wrap ul li a, .ultp-block-036b16 .ultp-block-wrapper .ultp-loadmore .ultp-loadmore-action { color:#fff; } .ultp-block-036b16 .ultp-next-prev-wrap ul li a svg, .ultp-block-036b16 .ultp-block-wrapper .ultp-loadmore .ultp-loadmore-action svg { fill:#fff; } .ultp-block-036b16 .ultp-pagination li a svg { fill:#fff; }.ultp-block-036b16 .ultp-pagination-wrap .ultp-pagination li a, .ultp-block-036b16 .ultp-next-prev-wrap ul li a, .ultp-block-036b16 .ultp-loadmore .ultp-loadmore-action{background-image: none; background-color: #0e1523;}.ultp-block-036b16 .ultp-pagination-wrap .ultp-pagination li.pagination-active a, .ultp-block-036b16 .ultp-next-prev-wrap ul li a:hover, .ultp-block-036b16 .ultp-block-wrapper .ultp-loadmore-action:hover { color:#fff; } .ultp-block-036b16 .ultp-pagination li a:hover svg, .ultp-block-036b16 .ultp-block-wrapper .ultp-loadmore .ultp-loadmore-action:hover svg { fill:#fff; } .ultp-block-036b16 .ultp-next-prev-wrap ul li a:hover svg { fill:#fff; } @media (min-width: 768px) { .ultp-block-036b16 .ultp-pagination-wrap .ultp-pagination li a:hover { color:#fff;}}.ultp-block-036b16 .ultp-pagination-wrap .ultp-pagination li a:hover, .ultp-block-036b16 .ultp-pagination-wrap .ultp-pagination li.pagination-active a, .ultp-block-036b16 .ultp-pagination-wrap .ultp-pagination li a:focus, .ultp-block-036b16 .ultp-next-prev-wrap ul li a:hover, .ultp-block-036b16 .ultp-loadmore-action:hover{ background-image: none; background-color: #037fff; }.ultp-block-036b16 .ultp-loading .ultp-loading-blocks div { --loading-block-color: #000; }@media (min-width: 992px) {}@media only screen and (max-width: 992px) and (min-width: 767px) {}@media (max-width: 768px) {}",,1009,,default,enable,enable,on,default,default,off,off,,," "," ",default,,,2,,1,,,,,,,,,,,,,,,,,,publish,2,Mou,kimikaorganica@gmail.com,Mourad,"D. Khamlichi",tablape-blog,,,,,,,closed,closed,"2022-09-18 09:13:54"
